{"cameraMode":{"drawMode":0,"name":"Shaded","section":"Shading Mode"},"sceneLighting":true,"audioPlay":false,"sceneViewState":{"showFog":true,"showMaterialUpdate":false,"showSkybox":true,"showFlares":true,"showImageEffects":true,"showParticleSystems":true},"in2DMode":false,"pivot":{"x":-1.0894646644592286,"y":-0.023279698565602304,"z":-1.3464210033416749},"rotation":{"x":0.009272049181163311,"y":-0.9598854780197144,"z":0.2784213423728943,"w":0.031967658549547198},"size":7.484350204467773,"orthographic":false}